"Fold","WAE","Time Elapsed"
1,2042.4014879137,35.2
2,1440.08325750917,34.74
3,1434.71560907119,35.51
4,1596.98769866104,35.93
5,2327.63783158924,36.17
6,1674.18487212814,36.81
7,1718.57695985674,36.91
8,1420.8170833304,37.36
9,1430.80080312055,36.94
10,1447.03366731835,38.48
