"Fold","WAE","Time Elapsed"
1,1935.14545623379,48.2
2,1365.79676981424,47.27
3,1387.56992462382,48.51
4,1529.8475699026,50.62
5,2085.94699193604,54.37
6,1632.6149549998,54.34
7,1683.19606787163,56.07
8,1403.01438667266,57.01
9,1419.49217871244,58.83
10,1433.45693860256,1.01
