"Fold","WAE","Time Elapsed"
1,1969.74113541182,36.49
2,1379.4984389176,37.28
3,1389.01516991379,36.67
4,1551.01253294136,37.08
5,2080.00882381693,38.96
6,1642.34724611314,37.23
7,1688.45468841751,39.24
8,1392.11019526131,38.14
9,1413.8207980572,38.1
10,1425.9456687035,38.48
